"Inclut les transactions Amazon Marketplace, Expédié par Amazon et Amazon Webstore"
"Tous les montants sont en EUR, sauf mention contraire."
"Définitions :"
"Frais de vente : Incluent des frais de clôture variable et des frais de référence."
"Autres frais de transaction : incluent les contestations de prélèvement, les retenues sur expédition"
"Autre : inclut les montants non-liés aux commandes. Pour de plus amples renseignements, consultez les colonnes ""Type"" et ""Description"" pour chaque commande."
"date/heure","numéro de versement","type","numéro de la commande","sku","description","quantité","Marketplace","traitement","ville d'où provient la commande","Région d'où provient la commande","code postal de la commande","ventes de produits","crédits d'expédition","crédits sur l'emballage cadeau","Rabais promotionnels","frais de vente","Frais Expédié par Amazon","autres frais de transaction","autre","total"
"2 juin 2014 04:43:45 UTC+00:00","6441781892","Commande","404-7815632-9738728","BF-0CSD-OBUM","Eliminateur de points noirs - extracteur de comédons - instrument cosmétique tire-comédons","1","amazon.fr","Amazon","LANGRES","","52200","9,90","2,79","0","0","-1,49","-4,33","0","0","6,87"
"2 juin 2014 06:23:44 UTC+00:00","6441781892","Commande","403-6809675-5069155","BF-0CSD-OBUM","Eliminateur de points noirs - extracteur de comédons - instrument cosmétique tire-comédons","2","amazon.fr","Amazon","Villeurbanne","","69100","19,80","2,79","0","0","-2,97","-5,58","0","0","14,04"
"2 juin 2014 06:24:46 UTC+00:00","6441781892","Commande","403-5327263-7601938","BF-0CSD-OBUM","Eliminateur de points noirs - extracteur de comédons - instrument cosmétique tire-comédons","1","amazon.fr","Amazon","PARIS","","75014","9,90","2,79","0","0","-1,49","-4,33","0","0","6,87"
"2 juin 2014 06:27:44 UTC+00:00","6441781892","Commande","404-5252611-5918765","BF-0CSD-OBUM","Eliminateur de points noirs - extracteur de comédons - instrument cosmétique tire-comédons","1","amazon.fr","Amazon","bruxelles","","1180","9,90","6,00","0","0","-1,49","-7,00","0","0","7,41"
"2 juin 2014 07:14:11 UTC+00:00","6441781892","Commande","404-4106339-7187561","BF-0CSD-OBUM","Eliminateur de points noirs - extracteur de comédons - instrument cosmétique tire-comédons","1","amazon.fr","Amazon","Macon","","71000","9,90","2,79","0","0","-1,49","-4,33","0","0","6,87"
"2 juin 2014 07:17:03 UTC+00:00","6441781892","Commande","403-0478273-7311554","BF-0CSD-OBUM","Eliminateur de points noirs - extracteur de comédons - instrument cosmétique tire-comédons","1","amazon.fr","Amazon","PONT A MOUSSON","","54700","9,90","0","0","0","-1,49","-2,00","0","0","6,41"
"2 juin 2014 08:18:26 UTC+00:00","6441781892","Commande","404-5670755-3329122","BF-0CSD-OBUM","Eliminateur de points noirs - extracteur de comédons - instrument cosmétique tire-comédons","1","amazon.fr","Amazon","BURLATS","","81100","9,90","0","0","0","-1,49","-2,00","0","0","6,41"
"2 juin 2014 09:25:48 UTC+00:00","6441781892","Commande","171-5263796-0340362","BF-0CSD-OBUM","Eliminateur de points noirs - extracteur de comédons - instrument cosmétique tire-comédons","1","amazon.fr","Amazon","Rennes","","35700","9,90","0","0","0","-1,49","-2,00","0","0","6,41"
"2 juin 2014 14:38:29 UTC+00:00","6441781892","Commande","403-8338317-2078751","BF-0CSD-OBUM","Eliminateur de points noirs - extracteur de comédons - instrument cosmétique tire-comédons","1","amazon.fr","Amazon","MAGALAS","","34480","9,90","0","0","0","-1,49","-2,00","0","0","6,41"
"2 juin 2014 15:14:24 UTC+00:00","6441781892","Commande","171-5763433-1154706","BF-0CSD-OBUM","Eliminateur de points noirs - extracteur de comédons - instrument cosmétique tire-comédons","1","amazon.fr","Amazon","Brest","","29200","9,90","0","0","0","-1,49","-2,00","0","0","6,41"
"3 juin 2014 15:01:05 UTC+00:00","6441781892","Commande","404-1930256-4579531","BF-0CSD-OBUM","Eliminateur de points noirs - extracteur de comédons - instrument cosmétique tire-comédons","1","amazon.fr","Amazon","ST MARTIN D HERES","","38400","9,90","0","0","0","-1,49","-2,00","0","0","6,41"
"3 juin 2014 16:09:43 UTC+00:00","6441781892","Commande","402-0071375-3773915","BF-0CSD-OBUM","Eliminateur de points noirs - extracteur de comédons - instrument cosmétique tire-comédons","1","amazon.fr","Amazon","Paris","","75015","9,90","0","0","0","-1,49","-2,00","0","0","6,41"
"3 juin 2014 20:46:09 UTC+00:00","6441781892","Commande","171-9842905-1446739","RO-QBLN-JY5Z","Pince à ongles de doigts de pieds, 22 mm de surface de coupe, acier inoxydable","1","amazon.fr","Amazon","paris","","75018","9,90","2,79","0","0","-1,49","-6,45","0","0","4,75"
"3 juin 2014 20:46:14 UTC+00:00","6441781892","Commande","171-1705440-1247511","RO-QBLN-JY5Z","Pince à ongles de doigts de pieds, 22 mm de surface de coupe, acier inoxydable","1","amazon.fr","Amazon","Alata","","20167","9,90","2,79","0","0","-1,49","-6,45","0","0","4,75"
"4 juin 2014 11:16:58 UTC+00:00","6441781892","Commande","403-6960257-4535565","V-KB-K-5","5 m de velcro auto-adhésif, toison et crochets, 20 mm de large, noir","1","amazon.fr","Amazon","ESSE","","35150","12,90","2,79","0","0","-1,94","-7,90","0","0","5,85"
"4 juin 2014 19:18:46 UTC+00:00","6441781892","Commande","402-9498284-4568364","RO-QBLN-JY5Z","Pince à ongles de doigts de pieds, 22 mm de surface de coupe, acier inoxydable","1","amazon.fr","Amazon","marquette lez lille","","59520","9,90","0","0","0","-1,49","-4,10","0","0","4,31"
"5 juin 2014 08:06:34 UTC+00:00","6441781892","Commande","402-8448772-8149936","BF-0CSD-OBUM","Eliminateur de points noirs - extracteur de comédons - instrument cosmétique tire-comédons","1","amazon.fr","Amazon","PERIGNAC","","17800","9,90","0","0","0","-1,49","-2,00","0","0","6,41"
"5 juin 2014 19:03:55 UTC+00:00","6441781892","Commande","404-7598566-6040317","RO-QBLN-JY5Z","Pince à ongles de doigts de pieds, 22 mm de surface de coupe, acier inoxydable","1","amazon.fr","Amazon","Issy les Moulineaux","","92130","9,90","0","0","0","-1,49","-4,10","0","0","4,31"
"5 juin 2014 19:05:52 UTC+00:00","6441781892","Remboursement","404-7815632-9738728","BF-0CSD-OBUM","Eliminateur de points noirs - extracteur de comédons - instrument cosmétique tire-comédons","1","amazon.fr","Amazon","LANGRES","","52200","-9,90","-2,79","0","0","1,19","2,33","0","0","-9,17"
"6 juin 2014 16:55:38 UTC+00:00","6441781892","Commande","402-8432465-8110724","9Y-S2O7-I54H","Dispositif détartreur sonde dentaire nettoyante en acier inoxydable","1","amazon.fr","Amazon","Saint Symphorien D'Ozon","","69360","9,90","0","0","0","-1,49","-2,00","0","0","6,41"
"6 juin 2014 20:43:45 UTC+00:00","6441781892","Commande","402-4784185-1464342","RO-QBLN-JY5Z","Pince à ongles de doigts de pieds, 22 mm de surface de coupe, acier inoxydable","1","amazon.fr","Amazon","St Jean De Vedas","","34430","9,90","0","0","0","-1,49","-4,10","0","0","4,31"
"7 juin 2014 09:30:43 UTC+00:00","6441781892","Frais de stock Expédié par Amazon","","","Frais de stockage Expédié par Amazon","","Amazon.fr","","","","","0","0","0","0","0","0","0","-0,04","-0,04"
"10 juin 2014 08:37:57 UTC+00:00","6441781892","Commande","402-7183541-7987518","BM-94IS-RPEI","Canards de mariage mariée et le marié","1","amazon.fr","Amazon","ELBEUF","","76500","6,79","0","0","0","-1,02","-5,05","0","0","0,72"
"10 juin 2014 11:18:48 UTC+00:00","6441781892","Commande","404-8486500-5729938","RO-QBLN-JY5Z","Pince à ongles de doigts de pieds, 22 mm de surface de coupe, acier inoxydable","1","amazon.fr","Amazon","MERIGNAC","","33700","9,90","0","0","0","-1,49","-4,10","0","0","4,31"
"10 juin 2014 11:23:18 UTC+00:00","6441781892","Commande","404-0524309-4987537","BF-0CSD-OBUM","Eliminateur de points noirs - extracteur de comédons - instrument cosmétique tire-comédons","1","amazon.fr","Amazon","LIMOURS","","91470","9,90","0","0","0","-1,49","-2,00","0","0","6,41"
"10 juin 2014 11:54:17 UTC+00:00","6441781892","Commande","402-4235219-9057153","JVS-08","Bracelet en cuir Rincon style surfeur","1","amazon.fr","Amazon","Begles","","33130","8,90","2,79","2,60","0","-1,78","-8,64","0","0","3,87"
"10 juin 2014 12:48:10 UTC+00:00","6441781892","Commande","404-9169850-0113963","BF-0CSD-OBUM","Eliminateur de points noirs - extracteur de comédons - instrument cosmétique tire-comédons","1","amazon.fr","Amazon","Paris","","75013","9,90","0","0","0","-1,49","-2,00","0","0","6,41"
"10 juin 2014 12:53:17 UTC+00:00","6441781892","Commande","171-1310282-8152366","BF-0CSD-OBUM","Eliminateur de points noirs - extracteur de comédons - instrument cosmétique tire-comédons","1","amazon.fr","Amazon","SOINDRES","","78200","9,90","0","0","0","-1,49","-2,00","0","0","6,41"
"10 juin 2014 12:53:20 UTC+00:00","6441781892","Commande","404-9011894-3372348","BF-0CSD-OBUM","Eliminateur de points noirs - extracteur de comédons - instrument cosmétique tire-comédons","1","amazon.fr","Amazon","MASSY","","91300","9,90","0","0","0","-1,49","-2,00","0","0","6,41"
"10 juin 2014 18:51:16 UTC+00:00","6446518082","Commande","403-9958587-0138724","BF-0CSD-OBUM","Eliminateur de points noirs - extracteur de comédons - instrument cosmétique tire-comédons","1","amazon.fr","Amazon","Saint Paul Trois Chateaux","","26130","9,90","0","0","0","-1,49","-2,00","0","0","6,41"
"10 juin 2014 19:01:01 UTC+00:00","6446518082","Commande","404-6276861-1951558","BF-0CSD-OBUM","Eliminateur de points noirs - extracteur de comédons - instrument cosmétique tire-comédons","1","amazon.fr","Amazon","Paris","","75014","9,90","0","0","0","-1,49","-2,00","0","0","6,41"
"10 juin 2014 20:34:01 UTC+00:00","6446518082","Commande","171-3177801-7810758","6P-SDKK-J2W7","Eliminateur de points noirs extracteur de comédons instrument cosmétique","1","amazon.fr","Amazon","Vitry sur seine","","94400","9,90","0","0","0","-1,49","-4,10","0","0","4,31"
"10 juin 2014 20:34:45 UTC+00:00","6446518082","Commande","171-3383308-4109913","BM-94IS-RPEI","Canards de mariage mariée et le marié","1","amazon.fr","Amazon","montmagny","","95360","6,79","1,39","0","0","-1,02","-6,22","0","0","0,94"
"10 juin 2014 20:37:43 UTC+00:00","6446518082","Commande","403-8157007-5443518","RO-QBLN-JY5Z","Pince à ongles de doigts de pieds, 22 mm de surface de coupe, acier inoxydable","1","amazon.fr","Amazon","VALBONNE","","06560","9,90","1,40","0","0","-1,49","-5,28","0","0","4,53"
"10 juin 2014 20:37:47 UTC+00:00","6446518082","Commande","171-8251236-4998701","RO-QBLN-JY5Z","Pince à ongles de doigts de pieds, 22 mm de surface de coupe, acier inoxydable","1","amazon.fr","Amazon","Marseille","","13014","9,90","2,79","0","0","-1,49","-6,45","0","0","4,75"
"11 juin 2014 13:32:55 UTC+00:00","6446518082","Commande","402-3115136-1927561","BF-0CSD-OBUM","Eliminateur de points noirs - extracteur de comédons - instrument cosmétique tire-comédons","1","amazon.fr","Amazon","kuntzig","","57970","9,90","0","0","0","-1,49","-2,00","0","0","6,41"
"11 juin 2014 16:16:48 UTC+00:00","6446518082","Commande","402-5048454-0937929","BF-0CSD-OBUM","Eliminateur de points noirs - extracteur de comédons - instrument cosmétique tire-comédons","1","amazon.fr","Amazon","Venarey Les Laumes","","21150","9,90","0","0","0","-1,49","-2,00","0","0","6,41"
"11 juin 2014 17:11:54 UTC+00:00","6446518082","Commande","402-9655860-9213937","BF-0CSD-OBUM","Eliminateur de points noirs - extracteur de comédons - instrument cosmétique tire-comédons","1","amazon.fr","Amazon","St Denis En Val","","45560","9,90","0","0","0","-1,49","-2,00","0","0","6,41"
"11 juin 2014 17:41:58 UTC+00:00","6446518082","Transfert","","","vers le compte finissant en : 9101","","","","","","","0","0","0","0","0","0","0","-260,77","-260,77"
"12 juin 2014 20:36:05 UTC+00:00","6446518082","Commande","404-5534792-3825158","RO-QBLN-JY5Z","Pince à ongles de doigts de pieds, 22 mm de surface de coupe, acier inoxydable","1","amazon.fr","Amazon","Anjouin","","36210","9,90","0","0","0","-1,49","-4,10","0","0","4,31"
"13 juin 2014 11:51:22 UTC+00:00","6446518082","Commande","404-4534876-8944353","RO-QBLN-JY5Z","Pince à ongles de doigts de pieds, 22 mm de surface de coupe, acier inoxydable","1","amazon.fr","Amazon","TOURCOING","","59200","9,90","0","0","0","-1,49","-4,10","0","0","4,31"
"13 juin 2014 12:03:45 UTC+00:00","6446518082","Commande","404-3530438-1312357","BM-94IS-RPEI","Canards de mariage mariée et le marié","1","amazon.fr","Amazon","Aix en Provence","","13090","6,79","0","0","0","-1,02","-5,05","0","0","0,72"
"16 juin 2014 07:00:46 UTC+00:00","6446518082","Commande","403-9551212-1741945","BF-0CSD-OBUM","Eliminateur de points noirs - extracteur de comédons - instrument cosmétique tire-comédons","1","amazon.fr","Amazon","Sanguinet","","40460","9,90","0","0","0","-1,49","-2,00","0","0","6,41"
"16 juin 2014 08:00:18 UTC+00:00","6446518082","Commande","403-3195590-9745954","BF-0CSD-OBUM","Eliminateur de points noirs - extracteur de comédons - instrument cosmétique tire-comédons","1","amazon.fr","Amazon","Rosny sous bois","","93110","9,90","2,79","0","0","-1,49","-4,33","0","0","6,87"
"16 juin 2014 14:05:03 UTC+00:00","6446518082","Commande","402-7463897-3007559","BF-0CSD-OBUM","Eliminateur de points noirs - extracteur de comédons - instrument cosmétique tire-comédons","1","amazon.fr","Amazon","Cagnes Sur Mer","","06800","9,90","0","0","0","-1,49","-2,00","0","0","6,41"
"16 juin 2014 20:39:03 UTC+00:00","6446518082","Commande","171-7691892-2633141","RO-QBLN-JY5Z","Pince à ongles de doigts de pieds, 22 mm de surface de coupe, acier inoxydable","1","amazon.fr","Amazon","LA FERTE GAUCHER","","77320","9,90","2,79","0","0","-1,49","-6,45","0","0","4,75"
"17 juin 2014 11:59:34 UTC+00:00","6446518082","Commande","404-6787162-6386745","S6-NR5L-A3AL","Sonde dentaire professionnelle instruments dentaires pour l'élimination du tartre","1","amazon.fr","Amazon","PARIS","PARIS","75015","8,90","0","0","0","-1,34","-4,10","0","0","3,46"
"17 juin 2014 11:59:37 UTC+00:00","6446518082","Commande","404-0046223-1619572","V-KB-K-5","5 m de velcro auto-adhésif, toison et crochets, 20 mm de large, noir","1","amazon.fr","Amazon","Thorailles","Loiret","45210","12,90","0","0","0","-1,94","-5,55","0","0","5,41"
"17 juin 2014 12:01:42 UTC+00:00","6446518082","Commande","402-3125693-3592354","V-KB-K-5","5 m de velcro auto-adhésif, toison et crochets, 20 mm de large, noir","1","amazon.fr","Amazon","ifs","","14123","12,90","0","0","0","-1,94","-5,55","0","0","5,41"
"17 juin 2014 14:09:07 UTC+00:00","6446518082","Commande","403-1915074-6712325","8R-UDFN-Z1BE","Passe-câble passage de câble 80mm finition chromée","2","amazon.fr","Amazon","Montlouis sur Loire","","37270","15,00","0","0","0","-1,80","-8,20","0","0","5,00"
"17 juin 2014 16:22:33 UTC+00:00","6446518082","Commande","404-1194994-8711546","BF-0CSD-OBUM","Eliminateur de points noirs - extracteur de comédons - instrument cosmétique tire-comédons","1","amazon.fr","Amazon","haguenau","","67500","9,90","0","0","0","-1,49","-2,00","0","0","6,41"
"17 juin 2014 20:31:46 UTC+00:00","6446518082","Commande","171-4087637-3762739","RO-QBLN-JY5Z","Pince à ongles de doigts de pieds, 22 mm de surface de coupe, acier inoxydable","1","amazon.fr","Amazon","Os Marsillon","","64150","9,90","2,79","0","0","-1,49","-6,45","0","0","4,75"
"18 juin 2014 10:17:18 UTC+00:00","6446518082","Commande","171-4102053-4805128","BF-0CSD-OBUM","Eliminateur de points noirs - extracteur de comédons - instrument cosmétique tire-comédons","1","amazon.fr","Amazon","Villerupt","","54190","9,90","0","0","0","-1,49","-2,00","0","0","6,41"
"18 juin 2014 12:12:51 UTC+00:00","6446518082","Commande","171-4042304-6855535","BF-0CSD-OBUM","Eliminateur de points noirs - extracteur de comédons - instrument cosmétique tire-comédons","1","amazon.fr","Amazon","La Salvetat St Gilles","","31880","9,90","0","0","0","-1,49","-2,00","0","0","6,41"
"18 juin 2014 13:08:20 UTC+00:00","6446518082","Commande","403-9980802-3241946","BF-0CSD-OBUM","Eliminateur de points noirs - extracteur de comédons - instrument cosmétique tire-comédons","1","amazon.fr","Amazon","malakoff","","92240","9,90","2,79","0","0","-1,49","-4,33","0","0","6,87"
"18 juin 2014 15:05:36 UTC+00:00","6446518082","Commande","402-2158107-6342742","BF-0CSD-OBUM","Eliminateur de points noirs - extracteur de comédons - instrument cosmétique tire-comédons","1","amazon.fr","Amazon","St Sulpice Le Verdon","","85260","9,90","0","0","0","-1,49","-2,00","0","0","6,41"
"18 juin 2014 20:41:26 UTC+00:00","6446518082","Commande","171-3510839-7472369","RO-QBLN-JY5Z","Pince à ongles de doigts de pieds, 22 mm de surface de coupe, acier inoxydable","1","amazon.fr","Amazon","NICE","","06000","9,90","2,79","0","0","-1,49","-6,45","0","0","4,75"
"19 juin 2014 11:05:41 UTC+00:00","6446518082","Commande","402-4876013-8351560","BF-0CSD-OBUM","Eliminateur de points noirs - extracteur de comédons - instrument cosmétique tire-comédons","2","amazon.fr","Amazon","bruxelles","belgique","1050","19,80","7,99","0","0","-2,97","-9,91","0","0","14,91"
"19 juin 2014 11:53:48 UTC+00:00","6446518082","Commande","402-7449374-5833953","BM-94IS-RPEI","Canards de mariage mariée et le marié","1","amazon.fr","Amazon","ARDIZAS","","32430","6,79","0","0","0","-1,02","-5,05","0","0","0,72"
"19 juin 2014 13:58:20 UTC+00:00","6446518082","Commande","404-0738228-9677913","BF-0CSD-OBUM","Eliminateur de points noirs - extracteur de comédons - instrument cosmétique tire-comédons","1","amazon.fr","Amazon","La Gacilly","","56200","9,90","0","0","0","-1,49","-2,00","0","0","6,41"
"20 juin 2014 09:08:55 UTC+00:00","6446518082","Commande","404-4281881-6240329","BF-0CSD-OBUM","Eliminateur de points noirs - extracteur de comédons - instrument cosmétique tire-comédons","1","amazon.fr","Amazon","montpellier","","34090","9,90","0","0","0","-1,49","-2,00","0","0","6,41"
"20 juin 2014 12:00:33 UTC+00:00","6446518082","Commande","403-1599943-7324333","S6-NR5L-A3AL","Sonde dentaire professionnelle instruments dentaires pour l'élimination du tartre","1","amazon.fr","Amazon","MONCORNEIL-GRAZAN","","32260","8,90","2,79","0","0","-1,34","-6,45","0","0","3,90"
"20 juin 2014 14:00:32 UTC+00:00","6446518082","Commande","403-2049668-5466723","6P-SDKK-J2W7","Eliminateur de points noirs extracteur de comédons instrument cosmétique","1","amazon.fr","Amazon","Paris","","75007","9,90","0","0","0","-1,49","-4,10","0","0","4,31"
"20 juin 2014 17:06:47 UTC+00:00","6446518082","Commande","171-1681034-8539545","BF-0CSD-OBUM","Eliminateur de points noirs - extracteur de comédons - instrument cosmétique tire-comédons","1","amazon.fr","Amazon","Cesson","France","77240","9,90","0","0","0","-1,49","-2,00","0","0","6,41"
"20 juin 2014 20:39:15 UTC+00:00","6446518082","Commande","403-6020109-8613133","DP-ZCIK-7F66","Pince à peau fine pince à ongles 7 mm de surface de coupe, instrument professionnel","1","amazon.fr","Amazon","LIMOGES","","87000","9,90","1,40","0","0","-1,49","-4,63","0","0","5,18"
"20 juin 2014 20:39:15 UTC+00:00","6446518082","Commande","403-6020109-8613133","RO-QBLN-JY5Z","Pince à ongles de doigts de pieds, 22 mm de surface de coupe, acier inoxydable","1","amazon.fr","Amazon","LIMOGES","","87000","9,90","1,39","0","0","-1,49","-5,17","0","0","4,63"
"21 juin 2014 11:54:52 UTC+00:00","6446518082","Commande","171-5775857-6989140","V-KB-S-10","10 m de velcro, toison et crochets, 20 mm de large, à coudre, noir","1","amazon.fr","Amazon","Quincy Sous Senart","","91480","17,90","0","0","0","-2,69","-5,55","0","0","9,66"
"23 juin 2014 08:46:52 UTC+00:00","6446518082","Commande","402-9002498-3161162","RO-QBLN-JY5Z","Pince à ongles de doigts de pieds, 22 mm de surface de coupe, acier inoxydable","1","amazon.fr","Amazon","Renaix","","9600","9,90","3,00","0","0","-1,49","-6,62","0","0","4,79"
"23 juin 2014 13:01:48 UTC+00:00","6446518082","Commande","403-8129868-5517949","RO-QBLN-JY5Z","Pince à ongles de doigts de pieds, 22 mm de surface de coupe, acier inoxydable","1","amazon.fr","Amazon","LE MOLAY LITTRY","","14330","9,90","0","0","0","-1,49","-4,10","0","0","4,31"
"23 juin 2014 14:12:26 UTC+00:00","6446518082","Commande","404-7196266-1318731","BF-0CSD-OBUM","Eliminateur de points noirs - extracteur de comédons - instrument cosmétique tire-comédons","1","amazon.fr","Amazon","Villers Cotterets","","02600","9,90","0","0","0","-1,49","-2,00","0","0","6,41"
"24 juin 2014 11:56:56 UTC+00:00","6446518082","Commande","171-9698749-8202752","V-KB-K-5","5 m de velcro auto-adhésif, toison et crochets, 20 mm de large, noir","1","amazon.fr","Amazon","L'Isle Sur La Sorgue","Provence-Alpes-Côte d'Azur","84800","12,90","0","0","0","-1,94","-5,55","0","0","5,41"
"24 juin 2014 13:24:07 UTC+00:00","6446518082","Commande","403-1494626-7215560","BF-0CSD-OBUM","Eliminateur de points noirs - extracteur de comédons - instrument cosmétique tire-comédons","1","amazon.fr","Amazon","St Médard de Mussidan","Dordogne","24400","9,90","0","0","0","-1,49","-2,00","0","0","6,41"
"24 juin 2014 14:21:08 UTC+00:00","6446518082","Commande","404-0049348-4139509","BF-0CSD-OBUM","Eliminateur de points noirs - extracteur de comédons - instrument cosmétique tire-comédons","1","amazon.fr","Amazon","Brunoy","","91800","9,90","0","0","0","-1,49","-2,00","0","0","6,41"
"24 juin 2014 20:42:12 UTC+00:00","6451513222","Commande","171-2328638-0182713","DP-ZCIK-7F66","Pince à peau fine pince à ongles 7 mm de surface de coupe, instrument professionnel","1","amazon.fr","Amazon","Cogolin","","83310","9,90","0","0","0","-1,49","-4,10","0","0","4,31"
"24 juin 2014 20:46:25 UTC+00:00","6451513222","Commande","404-8918104-2732302","RO-QBLN-JY5Z","Pince à ongles de doigts de pieds, 22 mm de surface de coupe, acier inoxydable","1","amazon.fr","Amazon","SOUSTONS","","40140","9,90","2,79","0","0","-1,49","-6,45","0","0","4,75"
"24 juin 2014 20:46:28 UTC+00:00","6451513222","Commande","402-5585305-4453962","auszug_300","Glissière extension totale, 300 mm, mécanisme push-to-open, lot de 2","1","amazon.fr","Amazon","St Claude De Diray","","41350","16,90","0","0","0","-2,54","-6,80","0","0","7,56"
"24 juin 2014 21:53:26 UTC+00:00","6451513222","Remboursement","402-9208712-4757916","BF-0CSD-OBUM","Eliminateur de points noirs - extracteur de comédons - instrument cosmétique tire-comédons","1","amazon.fr","Amazon","menilles","","27120","-9,90","0","0","0","1,19","0","0","0","-8,71"
"25 juin 2014 11:56:41 UTC+00:00","6451513222","Commande","171-5099648-1741161","V-KW-S-5","5 m de velcro, toison et crochets, 20 mm de large, à coudre, blanc","1","amazon.fr","Amazon","cossesseville","","14690","12,90","0","0","0","-1,94","-5,05","0","0","5,91"
"25 juin 2014 18:22:31 UTC+00:00","6451513222","Transfert","","","vers le compte finissant en : 9101","","","","","","","0","0","0","0","0","0","0","-237,93","-237,93"
"26 juin 2014 11:15:20 UTC+00:00","6451513222","Commande","402-7741303-4486711","BF-0CSD-OBUM","Eliminateur de points noirs - extracteur de comédons - instrument cosmétique tire-comédons","1","amazon.fr","Amazon","charleroi","belgique","6061","9,90","0","0","0","-1,49","-2,00","0","0","6,41"
"26 juin 2014 16:18:53 UTC+00:00","6451513222","Commande","402-7658296-7525924","BF-0CSD-OBUM","Eliminateur de points noirs - extracteur de comédons - instrument cosmétique tire-comédons","1","amazon.fr","Amazon","nancy","","54000","9,90","2,50","0","0","-1,49","-4,08","0","0","6,83"
"26 juin 2014 20:38:12 UTC+00:00","6451513222","Commande","403-2716904-1941140","67-8L7A-T3ZP","Coupe-ongles en acier inoxydable de 8 cm","1","amazon.fr","Amazon","St Martin D Uriage","","38410","9,90","0","0","0","-1,49","-4,10","0","0","4,31"
"27 juin 2014 14:58:07 UTC+00:00","6451513222","Commande","171-0720324-8307566","BF-0CSD-OBUM","Eliminateur de points noirs - extracteur de comédons - instrument cosmétique tire-comédons","1","amazon.fr","Amazon","massiac","","15500","9,90","9,99","0","0","-1,49","-10,33","0","0","8,07"
"27 juin 2014 16:08:21 UTC+00:00","6451513222","Commande","171-2995710-2553902","BF-0CSD-OBUM","Eliminateur de points noirs - extracteur de comédons - instrument cosmétique tire-comédons","1","amazon.fr","Amazon","Arnay le Duc","","21230","9,90","0","0","0","-1,49","-2,00","0","0","6,41"
"27 juin 2014 20:31:47 UTC+00:00","6451513222","Commande","404-8837200-3509956","RO-QBLN-JY5Z","Pince à ongles de doigts de pieds, 22 mm de surface de coupe, acier inoxydable","1","amazon.fr","Amazon","Ezanville","","95460","9,90","2,79","0","0","-1,49","-6,45","0","0","4,75"
"27 juin 2014 20:32:52 UTC+00:00","6451513222","Commande","171-5568125-5818754","RO-QBLN-JY5Z","Pince à ongles de doigts de pieds, 22 mm de surface de coupe, acier inoxydable","1","amazon.fr","Amazon","LOIVRE","","51220","9,90","0","0","0","-1,49","-4,10","0","0","4,31"
"29 juin 2014 18:28:09 UTC+00:00","6451513222","Commande","171-1294071-9909162","BM-94IS-RPEI","Canards de mariage mariée et le marié","1","amazon.fr","Vendeur","Herblay","","95220","6,79","2,08","0","0","-1,33","0","0","0","7,54"
"30 juin 2014 07:27:30 UTC+00:00","6451513222","Commande","404-3286249-2077121","BF-0CSD-OBUM","Eliminateur de points noirs - extracteur de comédons - instrument cosmétique tire-comédons","1","amazon.fr","Amazon","LOUVRES","","95380","9,90","0","0","0","-1,49","-2,00","0","0","6,41"
"30 juin 2014 08:34:46 UTC+00:00","6451513222","Commande","404-6579236-9047524","BF-0CSD-OBUM","Eliminateur de points noirs - extracteur de comédons - instrument cosmétique tire-comédons","1","amazon.fr","Amazon","sceaux","","92330","9,90","0","0","0","-1,49","-2,00","0","0","6,41"
"30 juin 2014 08:39:29 UTC+00:00","6451513222","Commande","402-9741064-8919513","RO-QBLN-JY5Z","Pince à ongles de doigts de pieds, 22 mm de surface de coupe, acier inoxydable","1","amazon.fr","Amazon","St Cloud","","92210","9,90","0","0","0","-1,49","-4,10","0","0","4,31"
"30 juin 2014 10:06:48 UTC+00:00","6451513222","Commande","403-0096143-5163524","BF-0CSD-OBUM","Eliminateur de points noirs - extracteur de comédons - instrument cosmétique tire-comédons","1","amazon.fr","Amazon","La Varenne St Hilaire","","94210","9,90","0","0","0","-1,49","-2,00","0","0","6,41"
"30 juin 2014 10:38:08 UTC+00:00","6451513222","Commande","403-9364737-9612347","V-KB-K-5","5 m de velcro auto-adhésif, toison et crochets, 20 mm de large, noir","1","amazon.fr","Amazon","Besancon","","25000","12,90","2,79","0","0","-1,94","-7,90","0","0","5,85"
"30 juin 2014 10:48:59 UTC+00:00","6451513222","Commande","171-3860474-5949910","I8-OZRN-9DH3","Miroir dentaire taille 5, agrandissant, 23 mm de diamètre","1","amazon.fr","Amazon","ST GEORGES DU VIEVRE","","27450","12,50","0","0","0","-1,88","-4,10","0","0","6,52"
"30 juin 2014 13:18:50 UTC+00:00","6451513222","Commande","404-2560818-4257906","BF-0CSD-OBUM","Eliminateur de points noirs - extracteur de comédons - instrument cosmétique tire-comédons","1","amazon.fr","Amazon","Abbevillers","France","25310","9,90","0","0","0","-1,49","-2,00","0","0","6,41"
"30 juin 2014 15:24:17 UTC+00:00","6451513222","Commande","171-0923950-4020349","DP-ZCIK-7F66","Pince à peau fine pince à ongles 7 mm de surface de coupe, instrument professionnel","1","amazon.fr","Amazon","Sélestat","","67600","9,90","0","0","0","-1,49","-3,45","0","0","4,96"
"30 juin 2014 15:24:17 UTC+00:00","6451513222","Commande","171-0923950-4020349","RO-QBLN-JY5Z","Pince à ongles de doigts de pieds, 22 mm de surface de coupe, acier inoxydable","1","amazon.fr","Amazon","Sélestat","","67600","9,90","0","0","0","-1,49","-4,00","0","0","4,41"
"30 juin 2014 20:36:50 UTC+00:00","6451513222","Commande","404-3546213-8803543","RO-QBLN-JY5Z","Pince à ongles de doigts de pieds, 22 mm de surface de coupe, acier inoxydable","1","amazon.fr","Amazon","entraigues sur la sorgue","","84320","9,90","0","0","0","-1,49","-4,10","0","0","4,31"
"30 juin 2014 20:38:17 UTC+00:00","6451513222","Commande","171-4949963-2549964","DP-ZCIK-7F66","Pince à peau fine pince à ongles 7 mm de surface de coupe, instrument professionnel","1","amazon.fr","Amazon","Paris","","75009","9,90","0","0","0","-1,49","-4,10","0","0","4,31"
"30 juin 2014 20:51:33 UTC+00:00","6451513222","Commande","403-0017120-7913152","DP-ZCIK-7F66","Pince à peau fine pince à ongles 7 mm de surface de coupe, instrument professionnel","1","amazon.fr","Amazon","GARGES LES GONESSE","","95140","9,90","0","0","0","-1,49","-4,10","0","0","4,31"
